2025-11-08 10:21,–î–æ–æ,–®–æ–æ,–û–ø—Ä
2025-11-08 12:05,–ì–≥–æ–≥,–ì–Ω–Ω–æ,–ï—Ä–æ
2025-11-08 12:56,–ö—É–∞—É—É,–ö—É–∫–∞,–ê–∞–∞ –í–ø–∞–∞
2025-11-08 13:12,–†–æ–ª,–õ–∞–ª–π—à—É,üí¨ –û—Å—Ç–∞–≤–∏—Ç—å –∑–∞—è–≤–∫—É
2025-11-08 13:38,/start,/start,–ë–ª–æ
2025-11-08 13:38,–≤–∞–º,–≤–∞–º,—å—å
2025-11-08 13:49,–£–∫–∞,@Ekrjsmrr,–£—É–ø–∫4
2025-11-08 13:51,–ì–≥–≥,@Ekrjsmrr,–†—Ä–≥
2025-11-09 09:53,/start,@Ekrjsmrr,/start
2025-11-09 17:07,–ï–µ–∫–µ–Ω,@Ekrjsmrr,–ü–∞–∞
2025-11-09 18:41,–ì–≥,@Ekrjsmrr,–ü—Ä
2025-11-10 17:36,–ê—ç–ª–∏–Ω–∞,@Aelina2,–¥–ª—è –ø—Ä–æ–¥–∞–∂
